{
  "Piano (Non-Integer)": {
      "attenuationvector1": 1,
      "num_harmonics1": 8,
      "midiValue": 48,
      "harmonic_multiples1": [
        1.0,
        2.02,
        3.04,
        4.04,
        5.06,
        6.06,
        7.08,
        8.1
      ],
      "harmonic_attenuate1": [
        0.125,
        0.03125,
        0.015625,
        0.03125,
        0.015625,
        0.015625,
        0.015625,
        0.015625
      ]
  },
  "Piano (Integer)": {
      "attenuationvector1": 1,
      "num_harmonics1": 8,
      "midiValue": 50,
      "harmonic_multiples1": [
        1.0,
        2.0,
        3.0,
        4.0,
        5.0,
        6.0,
        7.0,
        8.0
      ],
      "harmonic_attenuate1": [
        0.125,
        0.03125,
        0.015625,
        0.03125,
        0.015625,
        0.015625,
        0.015625,
        0.015625
      ]
  },
  "3 Harmonics": {
      "attenuationvector1": 1,
      "num_harmonics1": 3,
      "midiValue": 52,
      "harmonic_multiples1": [
        1.0,
        2.02,
        3.04
      ],
      "harmonic_attenuate1": [
        0.125,
        0.03125,
        0.015625
      ]
  },
  "Cello (Maybe)": {
      "attenuationvector1": 1,
      "num_harmonics1": 8,
      "midiValue": 54,
      "harmonic_multiples1": [
        1.0,
        2.0,
        2.7,
        3.0,
        3.25,
        4.0,
        5.0,
        6.0
      ],
      "harmonic_attenuate1": [
        0.0078125,
        0.5,
        0.00390625,
        0.5,
        0.0009765625,
        0.03125,
        0.0625,
        0.03125
      ]
  },
  "Cello (Open)": {
      "attenuationvector1": 1,
      "num_harmonics1": 8,
      "midiValue": 56,
      "harmonic_multiples1": [
        1.0,
        2.0,
        3.0,
        4.0,
        5.0,
        6.0,
        7.0,
        8.0
      ],
      "harmonic_attenuate1": [
        1.0,
        0.5,
        0.11,
        0.4,
        0.22,
        0.3,
        0.43,
        0.4
      ]
  },
  "Cello (Fingered)": {
      "attenuationvector1": 1,
      "num_harmonics1": 8,
      "midiValue": 58,
      "harmonic_multiples1": [
        1.0,
        2.0,
        3.0,
        4.0,
        5.0,
        6.0,
        7.0,
        8.0
      ],
      "harmonic_attenuate1": [
        1.0,
        0.5,
        0.07,
        0.35,
        0.09,
        0.09,
        0.1,
        0.1
      ]
  },
  "Clarinet (Maybe)": {
      "attenuationvector1": 1,
      "num_harmonics1": 8,
      "midiValue": 60,
      "harmonic_multiples1": [
        0.586,
        1.0,
        1.4,
        1.95,
        2.441,
        2.895,
        3.323,
        3.845
      ],
      "harmonic_attenuate1": [
        0.000244140625,
        0.0625,
        0.00390625,
        0.001953125,
        0.0009765625,
        0.125,
        0.0009765625,
        0.0078125
      ]
  },
  "sine": {
      "attenuationvector1": 1,
      "num_harmonics1": 1,
      "midiValue": 40,
      "harmonic_multiples1": [
        1.0
      ],
      "harmonic_attenuate1": [
        0.125
      ]
  }
}
