{
  "Piano (Non-Integer)": {
      "attenuationvector1": 1,
      "num_harmonics1": 12,
      "midiValue": 48,
      "harmonic_multiples1": [
        1.0,
        2.02,
        3.04,
        4.04,
        5.06,
        6.06,
        7.08,
        8.1,
        9.1,
        10.1,
        11.1,
        12.1
      ],
      "harmonic_attenuate1": [
        0.125,
        0.03125,
        0.015625,
        0.03125,
        0.015625,
        0.015625,
        0.015625,
        0.015625,
        0.015625,
        0.015625,
        0.015625,
        0.0078125
      ]
  },
  "3 Harmonics": {
      "attenuationvector1": 1,
      "num_harmonics1": 3,
      "midiValue": 50,
      "harmonic_multiples1": [
        1.0,
        2.02,
        3.04
      ],
      "harmonic_attenuate1": [
        0.125,
        0.03125,
        0.015625
      ]
  },
  "Piano (Integer)": {
      "attenuationvector1": 1,
      "num_harmonics1": 11,
      "midiValue": 52,
      "harmonic_multiples1": [
        1.0,
        2.0,
        3.0,
        4.0,
        5.0,
        6.0,
        7.0,
        8.0,
        9.0,
        10.0,
        11.0,
        12.0
      ],
      "harmonic_attenuate1": [
        0.125,
        0.03125,
        0.015625,
        0.03125,
        0.015625,
        0.015625,
        0.015625,
        0.015625,
        0.015625,
        0.015625,
        0.015625,
        0.0078125
      ]
  },
  "Cello (Maybe)": {
      "attenuationvector1": 1,
      "num_harmonics1": 30,
      "midiValue": 54,
      "harmonic_multiples1": [
        1.0,
        2.0,
        2.7,
        3.0,
        3.25,
        4.0,
        5.0,
        6.0,
        7.0,
        8.0,
        9.0,
        10.0,
        10.26,
        11.0,
        12.0,
        13.0,
        14.0,
        15.0,
        16.0,
        17.0,
        19.0,
        20.0,
        23.0,
        24.0,
        26.0,
        28.0,
        29.0,
        30.0,
        31.0,
        32.0
      ],
      "harmonic_attenuate1": [
        0.0078125,
        0.5,
        0.00390625,
        0.5,
        0.0009765625,
        0.03125,
        0.0625,
        0.03125,
        0.015625,
        0.0078125,
        0.015625,
        0.03125,
        0.00048828125,
        0.015625,
        0.015625,
        0.00390625,
        0.0078125,
        0.0078125,
        0.0078125,
        0.00390625,
        0.0009765625,
        0.00048828125,
        0.00048828125,
        0.001953125,
        0.0009765625,
        0.00048828125,
        0.00048828125,
        0.00048828125,
        0.00048828125,
        0.0009765625
      ]
  },
  "Clarinet (Maybe)": {
      "attenuationvector1": 1,
      "num_harmonics1": 33,
      "midiValue": 56,
      "harmonic_multiples1": [
        0.586,
        1.0,
        1.4,
        1.95,
        2.441,
        2.895,
        3.323,
        3.845,
        4.35,
        4.79,
        5.25,
        5.74,
        6.273,
        6.686,
        7.632,
        8.068,
        8.582,
        9.527,
        10.473,
        11.418,
        12.377,
        16.314,
        17.1,
        18.0,
        19.0,
        20.0,
        20.89,
        21.84,
        22.8,
        23.7,
        24.69,
        25.62,
        26.59
      ],
      "harmonic_attenuate1": [
        0.000244140625,
        0.0625,
        0.00390625,
        0.001953125,
        0.0009765625,
        0.125,
        0.0009765625,
        0.0078125,
        0.00048828125,
        0.0625,
        0.00048828125,
        0.015625,
        0.00390625,
        0.015625,
        0.015625,
        0.000244140625,
        0.015625,
        0.0078125,
        0.015625,
        0.0078125,
        0.015625,
        0.0078125,
        0.001953125,
        0.00390625,
        0.001953125,
        0.00390625,
        0.0009765625,
        0.00048828125,
        0.0009765625,
        0.0009765625,
        0.001953125,
        0.000244140625,
        0.0009765625,
        0.0009765625,
        0.0009765625,
        0.00048828125
      ]
  }
}